"title", "content", "icon", "accesskey", "weight"
"Вставить изображение", "js:
var form = [
 {name: \'src\', title: \'Изображение URL\'},
 {name: \'width\', title: \'Ширина x Высота\', suffix: \' x \', getnext: true, attributes: {size: 3}},
 {name: \'height\', attributes: {size: 3}},
 {name: \'alt\', title: \'Альтернативный текст\'},
 {name: \'align\', title: \'Выравнивание\', type: \'select\', options: {\'\': \'\', left: \'По левому краю\', right: \'По правому краю\', center: \'По центру\'}} //align
];
eDefTagDialog(\'img\', form,
\'Вставить изображение\', \'Вставить\');", "image.png", "M", "-10"
"Вставить ссылку", "js: eDefFileDialog(\'link\', { \"title\": \"Вставить ссылку\", \"url\": \"Ссылка\", \"tt\": \"Всплывающая подсказка\", \"ok\": \"Вставить\", \"brw\": \"Обзор\" }, \'\');", "link.png", "L", "-9"
"Жирный", "<b>%TEXT%</b>", "i-bold.png", "B", "-8"
"Курсив", "<em>%TEXT%</em>", "i-italic.gif", "I", "-8"
"Подчёркнутый", "<u>%TEXT%</u>", "underline.gif", "", "-8"
"Зачёркнутый", "<strike>%TEXT%</strike>
", "strike.gif", "", "-7"
"По левому краю", "<div class=\"editor-left-button\">%TEXT%</div>", "left.png", "", "-6"
"По правому краю", "<div class=\"editor-right-button\">%TEXT%</div>", "right.png", "", "-6"
"По центру", "<div class=\"editor-center-button\">%TEXT%</div>", "center.png", "", "-6"
"По ширине", "<div class=\"editor-justify-button\">%TEXT%</div>", "justify.png", "", "-6"
"Отступ слева", "<blockquote>%TEXT%</blockquote>", "blockquote.png", "", "-5"
"Цитата", "js: 
 txt=\'\'
 if (window.getSelection&&!window.opera) txt = window.getSelection() 
 else if (document.getSelection) txt=document.getSelection()
 else if (document.selection) txt=document.selection.createRange().text
if (txt != \'\') {
 txt=\'[quote]\'+txt+\'[/quote]\'
 editor.active.replaceSelection(txt)
} else {
 editor.active.tagSelection(\'[quote]\', \'[/quote]\')
}", "quote.png", "", "-3"
"Не нумерованный список", "js: eDefSelProcessLines(\'<ul>\\n\', \' <li>\', \'</li>\', \'\\n</ul>\');", "i-ul.png", "U", "-2"
"Пронумерованный список", "js: eDefSelProcessLines(\'<ol>\\n\', \' <li>\', \'</li>\', \'\\n</ol>\');", "i-ol.png", "O", "-2"
"Заголовок 1", "<h1>%TEXT%</h1>", "h1.png", "", "-1"
"Заголовок 2", "<h2>%TEXT%</h2>", "h2.png", "", "-1"
"Заголовок 3", "<h3>%TEXT%</h3>", "h3.png", "", "-1"
"Заголовок 4", "<h4>%TEXT%</h4>", "h4.png", "", "-1"
"Фрагмент кода", "<code>%TEXT%</code>", "code.png", "", "0"
"Смайлики", "js:
 getSmile=function(txt) {
  editor.active.replaceSelection(txt,\'end\');
  editor.dialog.close();
}
var userForm = \'<table><tr>\';
userForm += \'<td><a href=\"javascript: getSmile(\\\':smile:\\\');\"><img src=\"/sites/all/modules/bueditor/icons/smiles/smile.gif\" alt=\"smile\" /></a></td>\';
userForm += \'<td><a href=\"javascript: getSmile(\\\':wink:\\\');\"><img src=\"/sites/all/modules/bueditor/icons/smiles/wink.gif\" alt=\"wink\" /></a></td>\';
userForm += \'<td><a href=\"javascript: getSmile(\\\':sad:\\\');\"><img src=\"/sites/all/modules/bueditor/icons/smiles/sad.gif\" alt=\"sad\" /></a></td>\';
userForm += \'<td><a href=\"javascript: getSmile(\\\':sigh:\\\');\"><img src=\"/sites/all/modules/bueditor/icons/smiles/sigh.gif\" alt=\"sigh\" /></a></td>\';
userForm += \'</tr><tr>\';

userForm += \'<td><a href=\"javascript: getSmile(\\\':angel:\\\');\"><img src=\"/sites/all/modules/bueditor/icons/smiles/angel.gif\" alt=\"angel\" /></a></td>\';
userForm += \'<td><a href=\"javascript: getSmile(\\\':diablo:\\\');\"><img src=\"/sites/all/modules/bueditor/icons/smiles/diablo.gif\" alt=\"diablo\" /></a></td>\';
userForm += \'<td><a href=\"javascript: getSmile(\\\':hmhm:\\\');\"><img src=\"/sites/all/modules/bueditor/icons/smiles/hmhm.gif\" alt=\"hmhm\" /></a></td>\';
userForm += \'<td><a href=\"javascript: getSmile(\\\':embarassed:\\\');\"><img src=\"/sites/all/modules/bueditor/icons/smiles/embarassed.gif\" alt=\"embarassed\" /></a></td>\';
userForm += \'</tr><tr>\';

userForm += \'<td><a href=\"javascript: getSmile(\\\':rose:\\\');\"><img src=\"/sites/all/modules/bueditor/icons/smiles/rose.gif\" alt=\"rose\" /></a></td>\';
userForm += \'<td><a href=\"javascript: getSmile(\\\':laughing:\\\');\"><img src=\"/sites/all/modules/bueditor/icons/smiles/laughing.gif\" alt=\"laughing\" /></a></td>\';
userForm += \'<td><a href=\"javascript: getSmile(\\\':zzz:\\\');\"><img src=\"/sites/all/modules/bueditor/icons/smiles/zzz.gif\" alt=\"zzz\" /></a></td>\';
userForm += \'<td><a href=\"javascript: getSmile(\\\':music:\\\');\"><img src=\"/sites/all/modules/bueditor/icons/smiles/music.gif\" alt=\"music\" /></a></td>\';
userForm += \'</tr><tr>\';

userForm += \'<td><a href=\"javascript: getSmile(\\\':rtfm:\\\');\"><img src=\"/sites/all/modules/bueditor/icons/smiles/rtfm.gif\" alt=\"rtfm\" /></a></td>\';
userForm += \'<td><a href=\"javascript: getSmile(\\\':bl:\\\');\"><img src=\"/sites/all/modules/bueditor/icons/smiles/bl.gif\" alt=\"bl\" /></a></td>\';
userForm += \'<td><a href=\"javascript: getSmile(\\\':shok:\\\');\"><img src=\"/sites/all/modules/bueditor/icons/smiles/shok.gif\" alt=\"shok\" /></a></td>\';
userForm += \'<td><a href=\"javascript: getSmile(\\\':tongue:\\\');\"><img src=\"/sites/all/modules/bueditor/icons/smiles/tongue.gif\" alt=\"tongue\" /></a></td>\';
userForm += \'</tr><tr>\';

userForm += \'<td><a href=\"javascript: getSmile(\\\':puzzled:\\\');\"><img src=\"/sites/all/modules/bueditor/icons/smiles/puzzled.gif\" alt=\"puzzled\" /></a></td>\';
userForm += \'<td><a href=\"javascript: getSmile(\\\':think:\\\');\"><img src=\"/sites/all/modules/bueditor/icons/smiles/think.gif\" alt=\"think\" /></a></td>\';
userForm += \'<td><a href=\"javascript: getSmile(\\\':back:\\\');\"><img src=\"/sites/all/modules/bueditor/icons/smiles/back.gif\" alt=\"back\" /></a></td>\';
userForm += \'<td><a href=\"javascript: getSmile(\\\':calm:\\\');\"><img src=\"/sites/all/modules/bueditor/icons/smiles/calm.gif\" alt=\"calm\" /></a></td>\';
userForm += \'</tr></table>\';
editor.dialog.open(\'Смайлики\', userForm);
", "emotions.gif", "", "6"
"Граница анонса", "<!--break-->", "teaserbr.png", "T", "7"
"Предпросмотр", "js: 
var NoAutoP = \'\';
  var P, E = editor.active, T = E.textArea;
  if (E.preview) {
    P = E.preview;
  }
  else {
    P = document.createElement(\'div\');
    P.className = \'preview\';
    P.style.display = \'none\';
    P.style.overflow = \'auto\';
    T.parentNode.insertBefore(P, T);
    E.preview = P;
  }
  if (P.style.display == \'none\') {
    var html = NoAutoP ? E.getSelection()||T.value : eDefAutoP(E.getSelection()||T.value);
html=html.replace(/:smile:/g,\"<img src=\\\"/sites/all/modules/bueditor/icons/smiles/smile.gif\\\" alt=\\\"smile\\\" />\");
html=html.replace(/:wink:/g,\"<img src=\\\"/sites/all/modules/bueditor/icons/smiles/wink.gif\\\" alt=\\\"wink\\\" />\");
html=html.replace(/:sad:/g,\"<img src=\\\"/sites/all/modules/bueditor/icons/smiles/sad.gif\\\" alt=\\\"sad\\\" />\");
html=html.replace(/:back:/g,\"<img src=\\\"/sites/all/modules/bueditor/icons/smiles/back.gif\\\" alt=\\\"back\\\" />\");
html=html.replace(/:angel:/g,\"<img src=\\\"/sites/all/modules/bueditor/icons/smiles/angel.gif\\\" alt=\\\"angel\\\" />\");
html=html.replace(/:diablo:/g,\"<img src=\\\"/sites/all/modules/bueditor/icons/smiles/diablo.gif\\\" alt=\\\"diablo\\\" />\");
html=html.replace(/:bl:/g,\"<img src=\\\"/sites/all/modules/bueditor/icons/smiles/bl.gif\\\" alt=\\\"bl\\\" />\");
html=html.replace(/:embarassed:/g,\"<img src=\\\"/sites/all/modules/bueditor/icons/smiles/embarassed.gif\\\" alt=\\\"embarassed\\\" />\");
html=html.replace(/:calm:/g,\"<img src=\\\"/sites/all/modules/bueditor/icons/smiles/calm.gif\\\" alt=\\\"calm\\\" />\");
html=html.replace(/:laughing:/g,\"<img src=\\\"/sites/all/modules/bueditor/icons/smiles/laughing.gif\\\" alt=\\\"laughing\\\" />\");
html=html.replace(/:hmhm:/g,\"<img src=\\\"/sites/all/modules/bueditor/icons/smiles/hmhm.gif\\\" alt=\\\"hmhm\\\" />\");
html=html.replace(/:music:/g,\"<img src=\\\"/sites/all/modules/bueditor/icons/smiles/music.gif\\\" alt=\\\"music\\\" />\");
html=html.replace(/:rtfm:/g,\"<img src=\\\"/sites/all/modules/bueditor/icons/smiles/rtfm.gif\\\" alt=\\\"rtfm\\\" />\");
html=html.replace(/:puzzled:/g,\"<img src=\\\"/sites/all/modules/bueditor/icons/smiles/puzzled.gif\\\" alt=\\\"puzzled\\\" />\");
html=html.replace(/:shok:/g,\"<img src=\\\"/sites/all/modules/bueditor/icons/smiles/shok.gif\\\" alt=\\\"shok\\\" />\");
html=html.replace(/:tongue:/g,\"<img src=\\\"/sites/all/modules/bueditor/icons/smiles/tongue.gif\\\" alt=\\\"tongue\\\" />\");
html=html.replace(/:rose:/g,\"<img src=\\\"/sites/all/modules/bueditor/icons/smiles/rose.gif\\\" alt=\\\"rose\\\" />\");
html=html.replace(/:sigh:/g,\"<img src=\\\"/sites/all/modules/bueditor/icons/smiles/sigh.gif\\\" alt=\\\"sigh\\\" />\");
html=html.replace(/:think:/g,\"<img src=\\\"/sites/all/modules/bueditor/icons/smiles/think.gif\\\" alt=\\\"think\\\" />\");
html=html.replace(/:zzz:/g,\"<img src=\\\"/sites/all/modules/bueditor/icons/smiles/zzz.gif\\\" alt=\\\"zzz\\\" />\");

    P.style.display = \'block\';
    P.style.height = T.style.height||(T.offsetHeight+\'px\');
    P.style.width = T.style.width||(T.offsetWidth+\'px\');
    P.innerHTML = \'<div class=\"node\"><div class=\"content\">\'+ html +\'</div></div>\';
    T.style.height = \'1px\';
    E.buttonsDisabled(true, E.bindex);
    editor.addClass(E.buttons[E.bindex], \'stay-clicked\');
  }
  else {
    editor.delClass(E.buttons[E.bindex], \'stay-clicked\');
    E.buttonsDisabled(false);
    T.style.height = P.style.height;
    P.style.display = \'none\';
 }", "preview.png", "P", "8"
"Справка", "js: eDefHelp();", "help.png", "H", "9"
